<?xml version="1.0" encoding="UTF-8"?>
<project xmlns="http://www.netbeans.org/ns/project/1">
    <type>org.netbeans.modules.php.project</type>
    <configuration>
        <data xmlns="http://www.netbeans.org/ns/php-project/1">
            <name>human resource information system</name>
        </data>
        <spellchecker-wordlist xmlns="http://www.netbeans.org/ns/spellchecker-wordlist/1">
            <word>atau</word>
            <word>CEK</word>
            <word>HR</word>
            <word>mcu</word>
            <word>pemeriksaan</word>
            <word>tambahan</word>
            <word>tampil</word>
            <word>TIDAK</word>
        </spellchecker-wordlist>
    </configuration>
</project>
